Object,Field,Admin,,Chatter External User,,Chatter Free User,,Chatter Moderator User,,ContractManager,,Cross Org Data Proxy User,,Custom: Marketing Profile,,Custom: Sales Profile,,Custom: Support Profile,,Customer Community Login User,,Customer Community User,,Customer Portal Manager Custom,,Customer Portal Manager Standard,,Dealer Profile,,Force.com - App Subscription User,,Force.com - Free User,,Gold Partner User,,Guest,,HighVolumePortal,,Identity User,,MarketingProfile,,Partner App Subscription User,,Partner Community Login User,,Partner Community User,,PlatformPortal,,ReadOnly,,Silver Partner User,,SolutionManager,,Standard,,StandardAul,,Work.com Only User,,roletree Profile,
,,Readable,Editable,Readable,Editable,Readable,Editable,Readable,Editable,Readable,Editable,Readable,Editable,Readable,Editable,Readable,Editable,Readable,Editable,Readable,Editable,Readable,Editable,Readable,Editable,Readable,Editable,Readable,Editable,Readable,Editable,Readable,Editable,Readable,Editable,Readable,Editable,Readable,Editable,Readable,Editable,Readable,Editable,Readable,Editable,Readable,Editable,Readable,Editable,Readable,Editable,Readable,Editable,Readable,Editable,Readable,Editable,Readable,Editable,Readable,Editable,Readable,Editable,Readable,Editable
Account,AccountNumber,√,√,√,√,√,√,√,√,√,√,√,√,√,√,√,√,√,√,√,√,√,√,√,√,√,√,√,√,√,√,√,√,√,√,√,√,,,√,√,√,√,√,√,√,√,√,√,,,√,√,√,√,√,√,√,√,√,√,√,√,√,√
Account,AccountSource,√,√,√,√,√,√,√,√,√,√,√,√,√,√,√,√,√,√,√,√,√,√,√,√,√,√,√,√,√,√,√,√,√,√,√,√,,,√,√,√,√,√,√,√,√,√,√,,,√,√,√,√,√,√,√,√,√,√,√,√,√,√
Account,Active__c,√,√,√,√,√,√,√,√,√,√,√,√,√,√,√,√,√,√,√,√,√,√,√,√,√,√,√,√,√,√,√,√,√,√,√,√,,,√,√,√,√,√,√,√,√,√,√,,,√,√,√,√,√,√,√,√,√,√,√,√,√,√
Account,AnnualRevenue,√,√,√,√,√,√,√,√,√,√,√,√,√,√,√,√,√,√,√,√,√,√,√,√,√,√,√,√,√,√,√,√,√,√,√,√,,,√,√,√,√,√,√,√,√,√,√,,,√,√,√,√,√,√,√,√,√,√,√,√,√,√
Account,BillingAddress,√,√,√,√,√,√,√,√,√,√,√,√,√,√,√,√,√,√,√,√,√,√,√,√,√,√,√,√,√,√,√,√,√,√,√,√,,,√,√,√,√,√,√,√,√,√,√,,,√,√,√,√,√,√,√,√,√,√,√,√,√,√
Account,CustomerPriority__c,√,√,√,√,√,√,√,√,√,√,√,√,√,√,√,√,√,√,√,√,√,√,√,√,√,√,√,√,√,√,√,√,√,√,√,√,,,√,√,√,√,√,√,√,√,√,√,,,√,√,√,√,√,√,√,√,√,√,√,√,√,√
Account,Description,√,√,√,√,√,√,√,√,√,√,√,√,√,√,√,√,√,√,√,√,√,√,√,√,√,√,√,√,√,√,√,√,√,√,√,√,,,√,√,√,√,√,√,√,√,√,√,,,√,√,√,√,√,√,√,√,√,√,√,√,√,√
Account,External_Id__c,√,√,,,,,,,√,√,√,√,√,√,√,√,√,√,,,,,,,,,√,√,√,√,,,,,√,√,,,,,√,√,√,√,,,,,,,√,√,,,√,√,√,√,√,√,,,√,√
Account,Fax,√,√,√,√,√,√,√,√,√,√,√,√,√,√,√,√,√,√,√,√,√,√,√,√,√,√,√,√,√,√,√,√,√,√,√,√,,,√,√,√,√,√,√,√,√,√,√,,,√,√,√,√,√,√,√,√,√,√,√,√,√,√
Account,Industry,√,√,√,√,√,√,√,√,√,√,√,√,√,√,√,√,√,√,√,√,√,√,√,√,√,√,√,√,√,√,√,√,√,√,√,√,,,√,√,√,√,√,√,√,√,√,√,,,√,√,√,√,√,√,√,√,√,√,√,√,√,√
Account,Jigsaw,√,√,√,√,√,√,√,√,√,√,√,√,√,√,√,√,√,√,√,√,√,√,√,√,√,√,√,√,√,√,√,√,√,√,√,√,,,√,√,√,√,√,√,√,√,√,√,,,√,√,√,√,√,√,√,√,√,√,√,√,√,√
Account,NumberOfEmployees,√,√,√,√,√,√,√,√,√,√,√,√,√,√,√,√,√,√,√,√,√,√,√,√,√,√,√,√,√,√,√,√,√,√,√,√,,,√,√,√,√,√,√,√,√,√,√,,,√,√,√,√,√,√,√,√,√,√,√,√,√,√
Account,NumberofLocations__c,√,√,√,√,√,√,√,√,√,√,√,√,√,√,√,√,√,√,√,√,√,√,√,√,√,√,√,√,√,√,√,√,√,√,√,√,,,√,√,√,√,√,√,√,√,√,√,,,√,√,√,√,√,√,√,√,√,√,√,√,√,√
Account,Ownership,√,√,√,√,√,√,√,√,√,√,√,√,√,√,√,√,√,√,√,√,√,√,√,√,√,√,√,√,√,√,√,√,√,√,√,√,,,√,√,√,√,√,√,√,√,√,√,,,√,√,√,√,√,√,√,√,√,√,√,√,√,√
Account,ParentId,√,√,√,√,√,√,√,√,√,√,√,√,√,√,√,√,√,√,√,√,√,√,√,√,√,√,√,√,√,√,√,√,√,√,√,√,,,√,√,√,√,√,√,√,√,√,√,,,√,√,√,√,√,√,√,√,√,√,√,√,√,√
Account,Phone,√,√,√,√,√,√,√,√,√,√,√,√,√,√,√,√,√,√,√,√,√,√,√,√,√,√,√,√,√,√,√,√,√,√,√,√,,,√,√,√,√,√,√,√,√,√,√,,,√,√,√,√,√,√,√,√,√,√,√,√,√,√
Account,Rating,√,√,√,√,√,√,√,√,√,√,√,√,√,√,√,√,√,√,√,√,√,√,√,√,√,√,√,√,√,√,√,√,√,√,√,√,,,√,√,√,√,√,√,√,√,√,√,,,√,√,√,√,√,√,√,√,√,√,√,√,√,√
Account,SLAExpirationDate__c,√,√,√,√,√,√,√,√,√,√,√,√,√,√,√,√,√,√,√,√,√,√,√,√,√,√,√,√,√,√,√,√,√,√,√,√,,,√,√,√,√,√,√,√,√,√,√,,,√,√,√,√,√,√,√,√,√,√,√,√,√,√
Account,SLASerialNumber__c,√,√,√,√,√,√,√,√,√,√,√,√,√,√,√,√,√,√,√,√,√,√,√,√,√,√,√,√,√,√,√,√,√,√,√,√,,,√,√,√,√,√,√,√,√,√,√,,,√,√,√,√,√,√,√,√,√,√,√,√,√,√
Account,SLA__c,√,√,√,√,√,√,√,√,√,√,√,√,√,√,√,√,√,√,√,√,√,√,√,√,√,√,√,√,√,√,√,√,√,√,√,√,,,√,√,√,√,√,√,√,√,√,√,,,√,√,√,√,√,√,√,√,√,√,√,√,√,√
Account,ShippingAddress,√,√,√,√,√,√,√,√,√,√,√,√,√,√,√,√,√,√,√,√,√,√,√,√,√,√,√,√,√,√,√,√,√,√,√,√,,,√,√,√,√,√,√,√,√,√,√,,,√,√,√,√,√,√,√,√,√,√,√,√,√,√
Account,Sic,√,√,√,√,√,√,√,√,√,√,√,√,√,√,√,√,√,√,√,√,√,√,√,√,√,√,√,√,√,√,√,√,√,√,√,√,,,√,√,√,√,√,√,√,√,√,√,,,√,√,√,√,√,√,√,√,√,√,√,√,√,√
Account,SicDesc,√,√,√,√,√,√,√,√,√,√,√,√,√,√,√,√,√,√,√,√,√,√,√,√,√,√,√,√,√,√,√,√,√,√,√,√,,,√,√,√,√,√,√,√,√,√,√,,,√,√,√,√,√,√,√,√,√,√,√,√,√,√
Account,Site,√,√,√,√,√,√,√,√,√,√,√,√,√,√,√,√,√,√,√,√,√,√,√,√,√,√,√,√,√,√,√,√,√,√,√,√,,,√,√,√,√,√,√,√,√,√,√,,,√,√,√,√,√,√,√,√,√,√,√,√,√,√
Account,TickerSymbol,√,√,√,√,√,√,√,√,√,√,√,√,√,√,√,√,√,√,√,√,√,√,√,√,√,√,√,√,√,√,√,√,√,√,√,√,,,√,√,√,√,√,√,√,√,√,√,,,√,√,√,√,√,√,√,√,√,√,√,√,√,√
Account,Type,√,√,√,√,√,√,√,√,√,√,√,√,√,√,√,√,√,√,√,√,√,√,√,√,√,√,√,√,√,√,√,√,√,√,√,√,,,√,√,√,√,√,√,√,√,√,√,,,√,√,√,√,√,√,√,√,√,√,√,√,√,√
Account,UpsellOpportunity__c,√,√,√,√,√,√,√,√,√,√,√,√,√,√,√,√,√,√,√,√,√,√,√,√,√,√,√,√,√,√,√,√,√,√,√,√,,,√,√,√,√,√,√,√,√,√,√,,,√,√,√,√,√,√,√,√,√,√,√,√,√,√
Account,Website,√,√,√,√,√,√,√,√,√,√,√,√,√,√,√,√,√,√,√,√,√,√,√,√,√,√,√,√,√,√,√,√,√,√,√,√,,,√,√,√,√,√,√,√,√,√,√,,,√,√,√,√,√,√,√,√,√,√,√,√,√,√
Asset,AccountId,√,√,√,√,√,√,√,√,√,√,√,√,√,√,√,√,√,√,√,√,√,√,√,√,√,√,√,√,√,√,√,√,√,√,√,√,,,√,√,√,√,√,√,√,√,√,√,,,√,√,√,√,√,√,√,√,√,√,√,√,√,√
Asset,ContactId,√,√,√,√,√,√,√,√,√,√,√,√,√,√,√,√,√,√,√,√,√,√,√,√,√,√,√,√,√,√,√,√,√,√,√,√,,,√,√,√,√,√,√,√,√,√,√,,,√,√,√,√,√,√,√,√,√,√,√,√,√,√
Asset,Description,√,√,√,√,√,√,√,√,√,√,√,√,√,√,√,√,√,√,√,√,√,√,√,√,√,√,√,√,√,√,√,√,√,√,√,√,,,√,√,√,√,√,√,√,√,√,√,,,√,√,√,√,√,√,√,√,√,√,√,√,√,√
Asset,InstallDate,√,√,√,√,√,√,√,√,√,√,√,√,√,√,√,√,√,√,√,√,√,√,√,√,√,√,√,√,√,√,√,√,√,√,√,√,,,√,√,√,√,√,√,√,√,√,√,,,√,√,√,√,√,√,√,√,√,√,√,√,√,√
Asset,IsCompetitorProduct,√,√,√,√,√,√,√,√,√,√,√,√,√,√,√,√,√,√,√,√,√,√,√,√,√,√,√,√,√,√,√,√,√,√,√,√,,,√,√,√,√,√,√,√,√,√,√,,,√,√,√,√,√,√,√,√,√,√,√,√,√,√
Asset,Price,√,√,√,√,√,√,√,√,√,√,√,√,√,√,√,√,√,√,√,√,√,√,√,√,√,√,√,√,√,√,√,√,√,√,√,√,,,√,√,√,√,√,√,√,√,√,√,,,√,√,√,√,√,√,√,√,√,√,√,√,√,√
Asset,Product2Id,√,√,√,√,√,√,√,√,√,√,√,√,√,√,√,√,√,√,√,√,√,√,√,√,√,√,√,√,√,√,√,√,√,√,√,√,,,√,√,√,√,√,√,√,√,√,√,,,√,√,√,√,√,√,√,√,√,√,√,√,√,√
Asset,ProductCode,,,,,,,,,,,,,,,,,,,,,,,,,,,,,,,,,,,,,,,,,,,,,,,,,,,,,,,,,,,,,,,,
Asset,ProductDescription,,,,,,,,,,,,,,,,,,,,,,,,,,,,,,,,,,,,,,,,,,,,,,,,,,,,,,,,,,,,,,,,
Asset,ProductFamily,,,,,,,,,,,,,,,,,,,,,,,,,,,,,,,,,,,,,,,,,,,,,,,,,,,,,,,,,,,,,,,,
Asset,PurchaseDate,√,√,√,√,√,√,√,√,√,√,√,√,√,√,√,√,√,√,√,√,√,√,√,√,√,√,√,√,√,√,√,√,√,√,√,√,√,,√,√,√,√,√,√,√,√,√,√,√,,√,√,√,√,√,√,√,√,√,√,√,√,√,√
Asset,Quantity,√,√,√,√,√,√,√,√,√,√,√,√,√,√,√,√,√,√,√,√,√,√,√,√,√,√,√,√,√,√,√,√,√,√,√,√,√,,√,√,√,√,√,√,√,√,√,√,√,,√,√,√,√,√,√,√,√,√,√,√,√,√,√
Asset,SerialNumber,√,√,√,√,√,√,√,√,√,√,√,√,√,√,√,√,√,√,√,√,√,√,√,√,√,√,√,√,√,√,√,√,√,√,√,√,√,,√,√,√,√,√,√,√,√,√,√,√,,√,√,√,√,√,√,√,√,√,√,√,√,√,√
Asset,Status,√,√,√,√,√,√,√,√,√,√,√,√,√,√,√,√,√,√,√,√,√,√,√,√,√,√,√,√,√,√,√,√,√,√,√,√,,,√,√,√,√,√,√,√,√,√,√,,,√,√,√,√,√,√,√,√,√,√,√,√,√,√
Asset,UsageEndDate,√,√,√,√,√,√,√,√,√,√,√,√,√,√,√,√,√,√,√,√,√,√,√,√,√,√,√,√,√,√,√,√,√,√,√,√,,,√,√,√,√,√,√,√,√,√,√,,,√,√,√,√,√,√,√,√,√,√,√,√,√,√
Campaign,ActualCost,√,√,√,√,√,√,√,√,√,√,√,√,√,√,√,√,√,√,√,√,√,√,√,√,√,√,√,√,√,√,√,√,√,√,√,√,,,√,√,√,√,√,√,√,√,√,√,,,√,√,√,√,√,√,√,√,√,√,√,√,√,√
Campaign,BudgetedCost,√,√,√,√,√,√,√,√,√,√,√,√,√,√,√,√,√,√,√,√,√,√,√,√,√,√,√,√,√,√,√,√,√,√,√,√,,,√,√,√,√,√,√,√,√,√,√,,,√,√,√,√,√,√,√,√,√,√,√,√,√,√
Campaign,Description,√,√,√,√,√,√,√,√,√,√,√,√,√,√,√,√,√,√,√,√,√,√,√,√,√,√,√,√,√,√,√,√,√,√,√,√,,,√,√,√,√,√,√,√,√,√,√,,,√,√,√,√,√,√,√,√,√,√,√,√,√,√
Campaign,EndDate,√,√,√,√,√,√,√,√,√,√,√,√,√,√,√,√,√,√,√,√,√,√,√,√,√,√,√,√,√,√,√,√,√,√,√,√,,,√,√,√,√,√,√,√,√,√,√,,,√,√,√,√,√,√,√,√,√,√,√,√,√,√
Campaign,ExpectedResponse,√,√,√,√,√,√,√,√,√,√,√,√,√,√,√,√,√,√,√,√,√,√,√,√,√,√,√,√,√,√,√,√,√,√,√,√,,,√,√,√,√,√,√,√,√,√,√,,,√,√,√,√,√,√,√,√,√,√,√,√,√,√
Campaign,ExpectedRevenue,√,√,√,√,√,√,√,√,√,√,√,√,√,√,√,√,√,√,√,√,√,√,√,√,√,√,√,√,√,√,√,√,√,√,√,√,,,√,√,√,√,√,√,√,√,√,√,,,√,√,√,√,√,√,√,√,√,√,√,√,√,√
Campaign,HierarchyActualCost,,,,,,,,,,,,,,,,,,,,,,,,,,,,,,,,,,,,,,,,,,,,,,,,,,,,,,,,,,,,,,,,
Campaign,HierarchyAmountAllOpportunities,,,,,,,,,,,,,,,,,,,,,,,,,,,,,,,,,,,,,,,,,,,,,,,,,,,,,,,,,,,,,,,,
Campaign,HierarchyAmountWonOpportunities,,,,,,,,,,,,,,,,,,,,,,,,,,,,,,,,,,,,,,,,,,,,,,,,,,,,,,,,,,,,,,,,
Campaign,HierarchyBudgetedCost,,,,,,,,,,,,,,,,,,,,,,,,,,,,,,,,,,,,,,,,,,,,,,,,,,,,,,,,,,,,,,,,
Campaign,HierarchyExpectedRevenue,,,,,,,,,,,,,,,,,,,,,,,,,,,,,,,,,,,,,,,,,,,,,,,,,,,,,,,,,,,,,,,,
Campaign,HierarchyNumberOfContacts,,,,,,,,,,,,,,,,,,,,,,,,,,,,,,,,,,,,,,,,,,,,,,,,,,,,,,,,,,,,,,,,
Campaign,HierarchyNumberOfConvertedLeads,,,,,,,,,,,,,,,,,,,,,,,,,,,,,,,,,,,,,,,,,,,,,,,,,,,,,,,,,,,,,,,,
Campaign,HierarchyNumberOfLeads,,,,,,,,,,,,,,,,,,,,,,,,,,,,,,,,,,,,,,,,,,,,,,,,,,,,,,,,,,,,,,,,
Campaign,HierarchyNumberOfOpportunities,,,,,,,,,,,,,,,,,,,,,,,,,,,,,,,,,,,,,,,,,,,,,,,,,,,,,,,,,,,,,,,,
Campaign,HierarchyNumberOfResponses,,,,,,,,,,,,,,,,,,,,,,,,,,,,,,,,,,,,,,,,,,,,,,,,,,,,,,,,,,,,,,,,
Campaign,HierarchyNumberOfWonOpportunities,,,,,,,,,,,,,,,,,,,,,,,,,,,,,,,,,,,,,,,,,,,,,,,,,,,,,,,,,,,,,,,,
Campaign,HierarchyNumberSent,,,,,,,,,,,,,,,,,,,,,,,,,,,,,,,,,,,,,,,,,,,,,,,,,,,,,,,,,,,,,,,,
Campaign,IsActive,√,√,√,√,√,√,√,√,√,√,√,√,√,√,√,√,√,√,√,√,√,√,√,√,√,√,√,√,√,√,√,√,√,√,√,√,,,√,√,√,√,√,√,√,√,√,√,,,√,√,√,√,√,√,√,√,√,√,√,√,√,√
Campaign,NumberSent,√,√,√,√,√,√,√,√,√,√,√,√,√,√,√,√,√,√,√,√,√,√,√,√,√,√,√,√,√,√,√,√,√,√,√,√,,,√,√,√,√,√,√,√,√,√,√,,,√,√,√,√,√,√,√,√,√,√,√,√,√,√
Campaign,ParentId,√,√,√,√,√,√,√,√,√,√,√,√,√,√,√,√,√,√,√,√,√,√,√,√,√,√,√,√,√,√,√,√,√,√,√,√,,,√,√,√,√,√,√,√,√,√,√,,,√,√,√,√,√,√,√,√,√,√,√,√,√,√
Campaign,StartDate,√,√,√,√,√,√,√,√,√,√,√,√,√,√,√,√,√,√,√,√,√,√,√,√,√,√,√,√,√,√,√,√,√,√,√,√,,,√,√,√,√,√,√,√,√,√,√,,,√,√,√,√,√,√,√,√,√,√,√,√,√,√
Campaign,Status,√,√,√,√,√,√,√,√,√,√,√,√,√,√,√,√,√,√,√,√,√,√,√,√,√,√,√,√,√,√,√,√,√,√,√,√,,,√,√,√,√,√,√,√,√,√,√,,,√,√,√,√,√,√,√,√,√,√,√,√,√,√
Campaign,Type,√,√,√,√,√,√,√,√,√,√,√,√,√,√,√,√,√,√,√,√,√,√,√,√,√,√,√,√,√,√,√,√,√,√,√,√,,,√,√,√,√,√,√,√,√,√,√,,,√,√,√,√,√,√,√,√,√,√,√,√,√,√
Case,AccountId,√,,√,,√,,√,,√,,√,,√,,√,,√,,√,,√,,√,,√,,√,,√,,√,,√,,√,,,,√,,√,,√,,√,,√,,,,√,,√,,√,,√,,√,,√,,√,
Case,AssetId,√,√,√,√,√,√,√,√,√,√,√,√,√,√,√,√,√,√,√,√,√,√,√,√,√,√,√,√,√,√,√,√,√,√,√,√,√,√,√,√,√,√,√,√,√,√,√,√,√,√,√,√,√,√,√,√,√,√,√,√,√,√,√,√
Case,ClosedDate,√,,√,,√,,√,,√,,√,,√,,√,,√,,√,,√,,√,,√,,√,,√,,√,,√,,√,,√,,√,,√,,√,,√,,√,,√,,√,,√,,√,,√,,√,,√,,√,
Case,ClosedOnCreate,,,,,,,,,,,,,,,,,,,,,,,,,,,,,,,,,,,,,,,,,,,,,,,,,,,,,,,,,,,,,,,,
Case,ContactId,√,√,√,√,√,√,√,√,√,√,√,√,√,√,√,√,√,√,√,√,√,√,√,√,√,√,√,√,√,√,√,√,√,√,√,√,√,,√,√,√,√,√,√,√,√,√,√,√,,√,√,√,√,√,√,√,√,√,√,√,√,√,√
Case,Description,√,√,√,√,√,√,√,√,√,√,√,√,√,√,√,√,√,√,√,√,√,√,√,√,√,√,√,√,√,√,√,√,√,√,√,√,√,√,√,√,√,√,√,√,√,√,√,√,√,√,√,√,√,√,√,√,√,√,√,√,√,√,√,√
Case,EngineeringReqNumber__c,√,√,√,√,√,√,√,√,√,√,√,√,,,,,√,√,√,√,√,√,√,√,√,√,√,√,√,√,√,√,√,√,√,√,,,√,√,√,√,√,√,√,√,√,√,,,√,√,√,√,√,√,√,√,√,√,√,√,√,√
Case,IsClosedOnCreate,,,,,,,,,,,,,,,,,,,,,,,,,,,,,,,,,,,,,,,,,,,,,,,,,,,,,,,,,,,,,,,,
Case,IsEscalated,√,,√,,√,,√,,√,,√,,√,,√,,√,,√,,√,,√,,√,,√,,√,,√,,√,,√,,√,,√,,√,,√,,√,,√,,√,,√,,√,,√,,√,,√,,√,,√,
Case,Origin,√,√,√,√,√,√,√,√,√,√,√,√,√,√,√,√,√,√,√,√,√,√,√,√,√,√,√,√,√,√,√,√,√,√,√,√,,,√,√,√,√,√,√,√,√,√,√,,,√,√,√,√,√,√,√,√,√,√,√,√,√,√
Case,ParentId,√,√,√,√,√,√,√,√,√,,√,√,,,,,,,√,,√,,√,,√,,√,√,√,,√,,√,,√,√,,,√,,√,,√,,√,,√,,,,√,,√,,√,√,√,√,,,√,,√,√
Case,PotentialLiability__c,√,√,√,√,√,√,√,√,√,√,√,√,√,√,√,√,√,√,√,√,√,√,√,√,√,√,√,√,√,√,√,√,√,√,√,√,,,√,√,√,√,√,√,√,√,√,√,,,√,√,√,√,√,√,√,√,√,√,√,√,√,√
Case,Priority,√,√,√,√,√,√,√,√,√,√,√,√,√,√,√,√,√,√,√,√,√,√,√,√,√,√,√,√,√,√,√,√,√,√,√,√,√,√,√,√,√,√,√,√,√,√,√,√,√,√,√,√,√,√,√,√,√,√,√,√,√,√,√,√
Case,Product__c,√,√,√,√,√,√,√,√,√,√,√,√,√,√,√,√,√,√,√,√,√,√,√,√,√,√,√,√,√,√,√,√,√,√,√,√,,,√,√,√,√,√,√,√,√,√,√,,,√,√,√,√,√,√,√,√,√,√,√,√,√,√
Case,Reason,√,√,√,√,√,√,√,√,√,√,√,√,√,√,√,√,√,√,√,√,√,√,√,√,√,√,√,√,√,√,√,√,√,√,√,√,√,√,√,√,√,√,√,√,√,√,√,√,√,√,√,√,√,√,√,√,√,√,√,√,√,√,√,√
Case,SLAViolation__c,√,√,√,√,√,√,√,√,√,√,√,√,√,√,√,√,√,√,√,√,√,√,√,√,√,√,√,√,√,√,√,√,√,√,√,√,,,√,√,√,√,√,√,√,√,√,√,,,√,√,√,√,√,√,√,√,√,√,√,√,√,√
Case,Subject,√,√,√,√,√,√,√,√,√,√,√,√,√,√,√,√,√,√,√,√,√,√,√,√,√,√,√,√,√,√,√,√,√,√,√,√,√,√,√,√,√,√,√,√,√,√,√,√,√,√,√,√,√,√,√,√,√,√,√,√,√,√,√,√
Case,SuppliedCompany,√,,√,,√,,√,,√,,√,,√,,√,,√,,√,,√,,√,,√,,√,,√,,√,,√,,√,,,,√,,√,,√,,√,,√,,,,√,,√,,√,,√,,√,,√,,√,
Case,SuppliedEmail,√,,√,,√,,√,,√,,√,,√,,√,,√,,√,,√,,√,,√,,√,,√,,√,,√,,√,,,,√,,√,,√,,√,,√,,,,√,,√,,√,,√,,√,,√,,√,
Case,SuppliedName,√,,√,,√,,√,,√,,√,,√,,√,,√,,√,,√,,√,,√,,√,,√,,√,,√,,√,,,,√,,√,,√,,√,,√,,,,√,,√,,√,,√,,√,,√,,√,
Case,SuppliedPhone,√,,√,,√,,√,,√,,√,,√,,√,,√,,√,,√,,√,,√,,√,,√,,√,,√,,√,,,,√,,√,,√,,√,,√,,,,√,,√,,√,,√,,√,,√,,√,
Case,Type,√,√,√,√,√,√,√,√,√,√,√,√,√,√,√,√,√,√,√,√,√,√,√,√,√,√,√,√,√,√,√,√,√,√,√,√,√,√,√,√,√,√,√,√,√,√,√,√,√,√,√,√,√,√,√,√,√,√,√,√,√,√,√,√
Case,test__c,,,,,,,,,,,,,,,,,,,,,,,,,,,,,,,,,,,,,,,,,,,,,,,,,,,,,,,,,,,,,,,,
Case,testcase__c,,,,,,,,,,,,,,,,,,,,,,,,,,,,,,,,,,,,,,,,,,,,,,,,,,,,,,,,,,,,,,,,
Contact,AccountId,√,√,√,√,√,√,√,√,√,√,√,√,√,√,√,√,√,√,√,√,√,√,√,√,√,√,√,√,√,√,√,√,√,√,√,√,√,,√,√,√,√,√,√,√,√,√,√,√,,√,√,√,√,√,√,√,√,√,√,√,√,√,√
Contact,AssistantName,√,√,√,√,√,√,√,√,√,√,√,√,√,√,√,√,√,√,√,√,√,√,√,√,√,√,√,√,√,√,√,√,√,√,√,√,,,√,√,√,√,√,√,√,√,√,√,,,√,√,√,√,√,√,√,√,√,√,√,√,√,√
Contact,AssistantPhone,√,√,√,√,√,√,√,√,√,√,√,√,√,√,√,√,√,√,√,√,√,√,√,√,√,√,√,√,√,√,√,√,√,√,√,√,,,√,√,√,√,√,√,√,√,√,√,,,√,√,√,√,√,√,√,√,√,√,√,√,√,√
Contact,Birthdate,√,√,√,√,√,√,√,√,√,√,√,√,√,√,√,√,√,√,√,√,√,√,√,√,√,√,√,√,√,√,√,√,√,√,√,√,,,√,√,√,√,√,√,√,√,√,√,,,√,√,√,√,√,√,√,√,√,√,√,√,√,√
Contact,Department,√,√,√,√,√,√,√,√,√,√,√,√,√,√,√,√,√,√,√,√,√,√,√,√,√,√,√,√,√,√,√,√,√,√,√,√,,,√,√,√,√,√,√,√,√,√,√,,,√,√,√,√,√,√,√,√,√,√,√,√,√,√
Contact,Description,√,√,√,√,√,√,√,√,√,√,√,√,√,√,√,√,√,√,√,√,√,√,√,√,√,√,√,√,√,√,√,√,√,√,√,√,,,√,√,√,√,√,√,√,√,√,√,,,√,√,√,√,√,√,√,√,√,√,√,√,√,√
Contact,DoNotCall,,,,,,,,,,,,,,,,,,,,,,,,,,,,,,,,,,,,,,,,,,,,,,,,,,,,,,,,,,,,,,,,
Contact,Email,√,√,√,√,√,√,√,√,√,√,√,√,√,√,√,√,√,√,√,√,√,√,√,√,√,√,√,√,√,√,√,√,√,√,√,√,,,√,√,√,√,√,√,√,√,√,√,,,√,√,√,√,√,√,√,√,√,√,√,√,√,√
Contact,Fax,√,√,√,√,√,√,√,√,√,√,√,√,√,√,√,√,√,√,√,√,√,√,√,√,√,√,√,√,√,√,√,√,√,√,√,√,,,√,√,√,√,√,√,√,√,√,√,,,√,√,√,√,√,√,√,√,√,√,√,√,√,√
Contact,HasOptedOutOfEmail,,,,,,,,,,,,,,,,,,,,,,,,,,,,,,,,,,,,,,,,,,,,,,,,,,,,,,,,,,,,,,,,
Contact,HasOptedOutOfFax,,,,,,,,,,,,,,,,,,,,,,,,,,,,,,,,,,,,,,,,,,,,,,,,,,,,,,,,,,,,,,,,
Contact,HomePhone,√,√,√,√,√,√,√,√,√,√,√,√,√,√,√,√,√,√,√,√,√,√,√,√,√,√,√,√,√,√,√,√,√,√,√,√,,,√,√,√,√,√,√,√,√,√,√,,,√,√,√,√,√,√,√,√,√,√,√,√,√,√
Contact,Jigsaw,√,√,√,√,√,√,√,√,√,√,√,√,√,√,√,√,√,√,√,√,√,√,√,√,√,√,√,√,√,√,√,√,√,√,√,√,,,√,√,√,√,√,√,√,√,√,√,,,√,√,√,√,√,√,√,√,√,√,√,√,√,√
Contact,Languages__c,√,√,√,√,√,√,√,√,√,√,√,√,√,√,√,√,√,√,√,√,√,√,√,√,√,√,√,√,√,√,√,√,√,√,√,√,,,√,√,√,√,√,√,√,√,√,√,,,√,√,√,√,√,√,√,√,√,√,√,√,√,√
Contact,LeadSource,√,√,√,√,√,√,√,√,√,√,√,√,√,√,√,√,√,√,√,√,√,√,√,√,√,√,√,√,√,√,√,√,√,√,√,√,,,√,√,√,√,√,√,√,√,√,√,,,√,√,√,√,√,√,√,√,√,√,√,√,√,√
Contact,Level__c,√,√,√,√,√,√,√,√,√,√,√,√,√,√,√,√,√,√,√,√,√,√,√,√,√,√,√,√,√,√,√,√,√,√,√,√,,,√,√,√,√,√,√,√,√,√,√,,,√,√,√,√,√,√,√,√,√,√,√,√,√,√
Contact,MailingAddress,√,√,√,√,√,√,√,√,√,√,√,√,√,√,√,√,√,√,√,√,√,√,√,√,√,√,√,√,√,√,√,√,√,√,√,√,,,√,√,√,√,√,√,√,√,√,√,,,√,√,√,√,√,√,√,√,√,√,√,√,√,√
Contact,MobilePhone,√,√,√,√,√,√,√,√,√,√,√,√,√,√,√,√,√,√,√,√,√,√,√,√,√,√,√,√,√,√,√,√,√,√,√,√,,,√,√,√,√,√,√,√,√,√,√,,,√,√,√,√,√,√,√,√,√,√,√,√,√,√
Contact,OtherAddress,√,√,√,√,√,√,√,√,√,√,√,√,√,√,√,√,√,√,√,√,√,√,√,√,√,√,√,√,√,√,√,√,√,√,√,√,,,√,√,√,√,√,√,√,√,√,√,,,√,√,√,√,√,√,√,√,√,√,√,√,√,√
Contact,OtherPhone,√,√,√,√,√,√,√,√,√,√,√,√,√,√,√,√,√,√,√,√,√,√,√,√,√,√,√,√,√,√,√,√,√,√,√,√,,,√,√,√,√,√,√,√,√,√,√,,,√,√,√,√,√,√,√,√,√,√,√,√,√,√
Contact,Phone,√,√,√,√,√,√,√,√,√,√,√,√,√,√,√,√,√,√,√,√,√,√,√,√,√,√,√,√,√,√,√,√,√,√,√,√,,,√,√,√,√,√,√,√,√,√,√,,,√,√,√,√,√,√,√,√,√,√,√,√,√,√
Contact,ReportsToId,√,√,√,√,√,√,√,√,√,√,√,√,√,√,√,√,√,√,√,√,√,√,√,√,√,√,√,√,√,√,√,√,√,√,√,√,,,√,√,√,√,√,√,√,√,√,√,,,√,√,√,√,√,√,√,√,√,√,√,√,√,√
Contact,Title,√,√,√,√,√,√,√,√,√,√,√,√,√,√,√,√,√,√,√,√,√,√,√,√,√,√,√,√,√,√,√,√,√,√,√,√,,,√,√,√,√,√,√,√,√,√,√,,,√,√,√,√,√,√,√,√,√,√,√,√,√,√
Contract,ActivatedById,√,,√,,√,,√,,√,,√,,√,,√,,√,,√,,√,,√,,√,,√,,√,,√,,√,,√,,,,√,,√,,√,,√,,√,,,,√,,√,,√,,√,,√,,√,,√,
Contract,ActivatedDate,√,,√,,√,,√,,√,,√,,√,,√,,√,,√,,√,,√,,√,,√,,√,,√,,√,,√,,,,√,,√,,√,,√,,√,,,,√,,√,,√,,√,,√,,√,,√,
Contract,BillingAddress,√,√,√,√,√,√,√,√,√,√,√,√,√,√,√,√,√,√,√,√,√,√,√,√,√,√,√,√,√,√,√,√,√,√,√,√,,,√,√,√,√,√,√,√,√,√,√,,,√,√,√,√,√,√,√,√,√,√,√,√,√,√
Contract,CompanySignedDate,√,√,√,√,√,√,√,√,√,√,√,√,√,√,√,√,√,√,√,√,√,√,√,√,√,√,√,√,√,√,√,√,√,√,√,√,,,√,√,√,√,√,√,√,√,√,√,,,√,√,√,√,√,√,√,√,√,√,√,√,√,√
Contract,CompanySignedId,√,√,√,√,√,√,√,√,√,√,√,√,√,√,√,√,√,√,√,√,√,√,√,√,√,√,√,√,√,√,√,√,√,√,√,√,,,√,√,√,√,√,√,√,√,√,√,,,√,√,√,√,√,√,√,√,√,√,√,√,√,√
Contract,ContractTerm,√,√,√,√,√,√,√,√,√,√,√,√,√,√,√,√,√,√,√,√,√,√,√,√,√,√,√,√,√,√,√,√,√,√,√,√,,,√,√,√,√,√,√,√,√,√,√,,,√,√,√,√,√,√,√,√,√,√,√,√,√,√
Contract,CustomerSignedDate,√,√,√,√,√,√,√,√,√,√,√,√,√,√,√,√,√,√,√,√,√,√,√,√,√,√,√,√,√,√,√,√,√,√,√,√,,,√,√,√,√,√,√,√,√,√,√,,,√,√,√,√,√,√,√,√,√,√,√,√,√,√
Contract,CustomerSignedId,√,√,√,√,√,√,√,√,√,√,√,√,√,√,√,√,√,√,√,√,√,√,√,√,√,√,√,√,√,√,√,√,√,√,√,√,,,√,√,√,√,√,√,√,√,√,√,,,√,√,√,√,√,√,√,√,√,√,√,√,√,√
Contract,CustomerSignedTitle,√,√,√,√,√,√,√,√,√,√,√,√,√,√,√,√,√,√,√,√,√,√,√,√,√,√,√,√,√,√,√,√,√,√,√,√,,,√,√,√,√,√,√,√,√,√,√,,,√,√,√,√,√,√,√,√,√,√,√,√,√,√
Contract,Description,√,√,√,√,√,√,√,√,√,√,√,√,√,√,√,√,√,√,√,√,√,√,√,√,√,√,√,√,√,√,√,√,√,√,√,√,,,√,√,√,√,√,√,√,√,√,√,,,√,√,√,√,√,√,√,√,√,√,√,√,√,√
Contract,EndDate,√,,√,,√,,√,,√,,√,,√,,√,,√,,√,,√,,√,,√,,√,,√,,√,,√,,√,,,,√,,√,,√,,√,,√,,,,√,,√,,√,,√,,√,,√,,√,
Contract,Name,,,,,,,,,,,,,,,,,,,,,,,,,,,,,,,,,,,,,,,,,,,,,,,,,,,,,,,,,,,,,,,,
Contract,OwnerExpirationNotice,√,√,√,√,√,√,√,√,√,√,√,√,√,√,√,√,√,√,√,√,√,√,√,√,√,√,√,√,√,√,√,√,√,√,√,√,,,√,√,√,√,√,√,√,√,√,√,,,√,√,√,√,√,√,√,√,√,√,√,√,√,√
Contract,ShippingAddress,,,,,,,,,,,,,,,,,,,,,,,,,,,,,,,,,,,,,,,,,,,,,,,,,,,,,,,,,,,,,,,,
Contract,SpecialTerms,√,√,√,√,√,√,√,√,√,√,√,√,√,√,√,√,√,√,√,√,√,√,√,√,√,√,√,√,√,√,√,√,√,√,√,√,,,√,√,√,√,√,√,√,√,√,√,,,√,√,√,√,√,√,√,√,√,√,√,√,√,√
Contract,StartDate,√,√,√,√,√,√,√,√,√,√,√,√,√,√,√,√,√,√,√,√,√,√,√,√,√,√,√,√,√,√,√,√,√,√,√,√,,,√,√,√,√,√,√,√,√,√,√,,,√,√,√,√,√,√,√,√,√,√,√,√,√,√
Event,Description,√,√,√,√,√,√,√,√,√,√,√,√,√,√,√,√,√,√,√,√,√,√,√,√,√,√,√,√,√,√,√,√,√,√,√,√,,,√,√,√,√,√,√,√,√,√,√,,,√,√,√,√,√,√,√,√,√,√,√,√,√,√
Event,IsAllDayEvent,√,√,√,√,√,√,√,√,√,√,√,√,√,√,√,√,√,√,√,√,√,√,√,√,√,√,√,√,√,√,√,√,√,√,√,√,,,√,√,√,√,√,√,√,√,√,√,,,√,√,√,√,√,√,√,√,√,√,√,√,√,√
Event,IsVisibleInSelfService,,,,,,,,,,,,,,,,,,,,,,,,,,,,,,,,,,,,,,,,,,,,,,,,,,,,,,,,,,,,,,,,
Event,Location,√,√,√,√,√,√,√,√,√,√,√,√,√,√,√,√,√,√,√,√,√,√,√,√,√,√,√,√,√,√,√,√,√,√,√,√,,,√,√,√,√,√,√,√,√,√,√,,,√,√,√,√,√,√,√,√,√,√,√,√,√,√
Event,Type,,,,,,,,,,,,,,,,,,,,,,,,,,,,,,,,,,,,,,,,,,,,,,,,,,,,,,,,,,,,,,,,
Event,WhatId,√,√,√,√,√,√,√,√,√,√,√,√,√,√,√,√,√,√,√,√,√,√,√,√,√,√,√,√,√,√,√,√,√,√,√,√,,,√,√,√,√,√,√,√,√,√,√,,,√,√,√,√,√,√,√,√,√,√,√,√,√,√
Event,WhoId,√,√,√,√,√,√,√,√,√,√,√,√,√,√,√,√,√,√,√,√,√,√,√,√,√,√,√,√,√,√,√,√,√,√,√,√,,,√,√,√,√,√,√,√,√,√,√,,,√,√,√,√,√,√,√,√,√,√,√,√,√,√
Expense__c,Amount__c,√,√,,,,,,,√,√,√,√,√,√,√,√,√,√,,,,,,,,,,,√,√,√,√,,,,,,,√,√,√,√,√,√,,,,,,,√,√,,,√,√,√,√,√,√,√,√,,
Expense__c,Client__c,√,√,,,,,,,√,√,√,√,√,√,√,√,√,√,,,,,,,,,,,√,√,√,√,,,,,,,√,√,√,√,√,√,,,,,,,√,√,,,√,√,√,√,√,√,√,√,,
Expense__c,Date__c,√,√,,,,,,,√,√,√,√,√,√,√,√,√,√,,,,,,,,,,,√,√,√,√,,,,,,,√,√,√,√,√,√,,,,,,,√,√,,,√,√,√,√,√,√,√,√,,
Expense__c,Datetime__c,,,,,,,,,√,√,√,√,√,√,√,√,√,√,,,,,,,,,,,√,√,√,√,,,,,,,√,√,√,√,√,√,,,,,,,√,√,,,√,√,√,√,√,√,√,√,,
Expense__c,Reimbursed__c,√,√,,,,,,,√,√,√,√,√,√,√,√,√,√,,,,,,,,,,,√,√,√,√,,,,,,,√,√,√,√,√,√,,,,,,,√,√,,,√,√,√,√,√,√,√,√,,
Idea,Attachment,,,,,,,,,,,,,,,,,,,,,,,,,,,,,,,,,,,,,,,,,,,,,,,,,,,,,,,,,,,,,,,,
Idea,Status,√,√,√,,√,,√,,√,,√,,√,,√,,√,,√,,√,,√,,√,,√,,√,,√,,√,,√,,,,√,,√,,√,,√,,√,,,,√,,√,,√,,√,,√,,√,,√,
Lead,Address,√,√,√,√,√,√,√,√,√,√,√,√,√,√,√,√,√,√,√,√,√,√,√,√,√,√,√,√,√,√,√,√,√,√,√,√,,,√,√,√,√,√,√,√,√,√,√,,,√,√,√,√,√,√,√,√,√,√,√,√,√,√
Lead,AnnualRevenue,√,√,√,√,√,√,√,√,√,√,√,√,√,√,√,√,√,√,√,√,√,√,√,√,√,√,√,√,√,√,√,√,√,√,√,√,,,√,√,√,√,√,√,√,√,√,√,,,√,√,√,√,√,√,√,√,√,√,√,√,√,√
Lead,CurrentGenerators__c,√,√,√,√,√,√,√,√,√,√,√,√,√,√,√,√,√,√,√,√,√,√,√,√,√,√,√,√,√,√,√,√,√,√,√,√,,,√,√,√,√,√,√,√,√,√,√,,,√,√,√,√,√,√,√,√,√,√,√,√,√,√
Lead,Description,√,√,√,√,√,√,√,√,√,√,√,√,√,√,√,√,√,√,√,√,√,√,√,√,√,√,√,√,√,√,√,√,√,√,√,√,,,√,√,√,√,√,√,√,√,√,√,,,√,√,√,√,√,√,√,√,√,√,√,√,√,√
Lead,DoNotCall,,,,,,,,,,,,,,,,,,,,,,,,,,,,,,,,,,,,,,,,,,,,,,,,,,,,,,,,,,,,,,,,
Lead,Email,√,√,√,√,√,√,√,√,√,√,√,√,√,√,√,√,√,√,√,√,√,√,√,√,√,√,√,√,√,√,√,√,√,√,√,√,,,√,√,√,√,√,√,√,√,√,√,,,√,√,√,√,√,√,√,√,√,√,√,√,√,√
Lead,Fax,√,√,√,√,√,√,√,√,√,√,√,√,√,√,√,√,√,√,√,√,√,√,√,√,√,√,√,√,√,√,√,√,√,√,√,√,,,√,√,√,√,√,√,√,√,√,√,,,√,√,√,√,√,√,√,√,√,√,√,√,√,√
Lead,HasOptedOutOfEmail,,,,,,,,,,,,,,,,,,,,,,,,,,,,,,,,,,,,,,,,,,,,,,,,,,,,,,,,,,,,,,,,
Lead,HasOptedOutOfFax,,,,,,,,,,,,,,,,,,,,,,,,,,,,,,,,,,,,,,,,,,,,,,,,,,,,,,,,,,,,,,,,
Lead,Industry,√,√,√,√,√,√,√,√,√,√,√,√,√,√,√,√,√,√,√,√,√,√,√,√,√,√,√,√,√,√,√,√,√,√,√,√,,,√,√,√,√,√,√,√,√,√,√,,,√,√,√,√,√,√,√,√,√,√,√,√,√,√
Lead,Jigsaw,√,√,√,√,√,√,√,√,√,√,√,√,√,√,√,√,√,√,√,√,√,√,√,√,√,√,√,√,√,√,√,√,√,√,√,√,,,√,√,√,√,√,√,√,√,√,√,,,√,√,√,√,√,√,√,√,√,√,√,√,√,√
Lead,LastTransferDate,,,,,,,,,,,,,,,,,,,,,,,,,,,,,,,,,,,,,,,,,,,,,,,,,,,,,,,,,,,,,,,,
Lead,LeadSource,√,√,√,√,√,√,√,√,√,√,√,√,√,√,√,√,√,√,√,√,√,√,√,√,√,√,√,√,√,√,√,√,√,√,√,√,,,√,√,√,√,√,√,√,√,√,√,,,√,√,√,√,√,√,√,√,√,√,√,√,√,√
Lead,MobilePhone,√,√,√,√,√,√,√,√,√,√,√,√,√,√,√,√,√,√,√,√,√,√,√,√,√,√,√,√,√,√,√,√,√,√,√,√,,,√,√,√,√,√,√,√,√,√,√,,,√,√,√,√,√,√,√,√,√,√,√,√,√,√
Lead,NumberOfEmployees,√,√,√,√,√,√,√,√,√,√,√,√,√,√,√,√,√,√,√,√,√,√,√,√,√,√,√,√,√,√,√,√,√,√,√,√,,,√,√,√,√,√,√,√,√,√,√,,,√,√,√,√,√,√,√,√,√,√,√,√,√,√
Lead,NumberofLocations__c,√,√,√,√,√,√,√,√,√,√,√,√,√,√,√,√,,,√,√,√,√,√,√,√,√,√,√,√,√,√,√,√,√,√,√,,,√,√,√,√,√,√,√,√,√,√,,,√,√,√,√,√,√,√,√,√,√,√,√,√,√
Lead,PartnerAccountId,,,,,,,,,,,,,,,,,,,,,,,,,,,,,,,,,,,,,,,,,,,,,,,,,,,,,,,,,,,,,,,,
Lead,Phone,√,√,√,√,√,√,√,√,√,√,√,√,√,√,√,√,√,√,√,√,√,√,√,√,√,√,√,√,√,√,√,√,√,√,√,√,,,√,√,√,√,√,√,√,√,√,√,,,√,√,√,√,√,√,√,√,√,√,√,√,√,√
Lead,Primary__c,√,√,√,√,√,√,√,√,√,√,√,√,√,√,,,,,√,√,√,√,√,√,√,√,√,√,√,√,√,√,√,√,√,√,,,√,√,√,√,√,√,√,√,√,√,,,√,√,√,√,√,√,√,√,√,√,√,√,√,√
Lead,ProductInterest__c,√,√,√,√,√,√,√,√,√,√,√,√,√,√,√,√,√,√,√,√,√,√,√,√,√,√,√,√,√,√,√,√,√,√,√,√,,,√,√,√,√,√,√,√,√,√,√,,,√,√,√,√,√,√,√,√,√,√,√,√,√,√
Lead,Rating,√,√,√,√,√,√,√,√,√,√,√,√,√,√,√,√,,,√,√,√,√,√,√,√,√,√,√,√,√,√,√,√,√,√,√,,,√,√,√,√,√,√,√,√,√,√,,,√,√,√,√,√,√,√,√,√,√,√,√,√,√
Lead,SICCode__c,√,√,√,√,√,√,√,√,√,√,√,√,√,√,,,,,√,√,√,√,√,√,√,√,√,√,√,√,√,√,√,√,√,√,,,√,√,√,√,√,√,√,√,√,√,,,√,√,√,√,√,√,√,√,√,√,√,√,√,√
Lead,Title,√,√,√,√,√,√,√,√,√,√,√,√,√,√,√,√,√,√,√,√,√,√,√,√,√,√,√,√,√,√,√,√,√,√,√,√,,,√,√,√,√,√,√,√,√,√,√,,,√,√,√,√,√,√,√,√,√,√,√,√,√,√
Lead,Website,√,√,√,√,√,√,√,√,√,√,√,√,√,√,√,√,√,√,√,√,√,√,√,√,√,√,√,√,√,√,√,√,√,√,√,√,,,√,√,√,√,√,√,√,√,√,√,,,√,√,√,√,√,√,√,√,√,√,√,√,√,√
Lead,testCustom__c,,,,,,,,,,,,,,,,,,,,,,,,,,,,,,,,,,,,,,,,,,,,,,,,,,,,,,,,,,,,,,,,
Opportunity,AccountId,√,√,√,√,√,√,√,√,√,√,√,√,√,√,√,√,√,√,√,√,√,√,√,√,√,√,√,√,√,√,√,√,√,√,√,√,,,√,√,√,√,√,√,√,√,√,√,,,√,√,√,√,√,√,√,√,√,√,√,√,√,√
Opportunity,Amount,√,√,√,√,√,√,√,√,√,√,√,√,√,√,√,√,√,√,√,√,√,√,√,√,√,√,√,√,√,√,√,√,√,√,√,√,,,√,√,√,√,√,√,√,√,√,√,,,√,√,√,√,√,√,√,√,√,√,√,√,√,√
Opportunity,CampaignId,√,√,√,√,√,√,√,√,√,√,√,√,√,√,√,√,√,√,√,√,√,√,√,√,√,√,√,√,√,√,√,√,√,√,√,√,√,√,√,√,√,√,√,√,√,√,√,√,√,√,√,,√,√,√,√,√,√,√,√,√,√,√,√
Opportunity,ContractId,,,,,,,,,,,,,,,,,,,,,,,,,,,,,,,,,,,,,,,,,,,,,,,,,,,,,,,,,,,,,,,,
Opportunity,CurrentGenerators_del__c,√,√,√,√,√,√,√,√,√,√,√,√,√,√,√,√,√,√,√,√,√,√,√,√,√,√,√,√,√,√,√,√,√,√,√,√,,,√,√,√,√,√,√,√,√,√,√,,,√,√,√,√,√,√,√,√,√,√,√,√,√,√
Opportunity,DeliveryInstallationStatus__c,√,√,√,√,√,√,√,√,√,√,√,√,,,√,√,√,√,√,√,√,√,√,√,√,√,√,√,√,√,√,√,√,√,√,√,,,√,√,√,√,√,√,√,√,√,√,,,√,√,√,√,√,√,√,√,√,√,√,√,√,√
Opportunity,Description,√,√,√,√,√,√,√,√,√,√,√,√,√,√,√,√,√,√,√,√,√,√,√,√,√,√,√,√,√,√,√,√,√,√,√,√,,,√,√,√,√,√,√,√,√,√,√,,,√,√,√,√,√,√,√,√,√,√,√,√,√,√
Opportunity,ExpectedRevenue,√,√,√,√,√,√,√,√,√,√,√,√,√,√,√,√,√,√,√,√,√,√,√,√,√,√,√,√,√,√,√,√,√,√,√,√,,,√,√,√,√,√,√,√,√,√,√,,,√,√,√,√,√,√,√,√,√,√,√,√,√,√
Opportunity,Formula__c,√,,,,,,,,√,,,,√,,√,,√,,,,,,,,,,,,,,,,,,,,,,,,√,,,,,,,,,,√,,,,√,,√,,,,,,,
Opportunity,IsPrivate,√,√,√,√,√,√,√,√,√,√,√,√,√,√,√,√,√,√,√,√,√,√,√,√,√,√,√,√,√,√,√,√,√,√,√,√,,,√,√,√,√,√,√,√,√,√,√,,,√,√,√,√,√,√,√,√,√,√,√,√,√,√
Opportunity,LeadSource,√,√,√,√,√,√,√,√,√,√,√,√,√,√,√,√,√,√,√,√,√,√,√,√,√,√,√,√,√,√,√,√,√,√,√,√,,,√,√,√,√,√,√,√,√,√,√,,,√,√,√,√,√,√,√,√,√,√,√,√,√,√
Opportunity,MainCompetitors__c,√,√,√,√,√,√,√,√,√,√,√,√,√,√,√,√,√,√,√,√,√,√,√,√,√,√,√,√,√,√,√,√,√,√,√,√,,,√,√,√,√,√,√,√,√,√,√,,,√,√,√,√,√,√,√,√,√,√,√,√,√,√
Opportunity,NextStep,√,√,√,√,√,√,√,√,√,√,√,√,√,√,√,√,√,√,√,√,√,√,√,√,√,√,√,√,√,√,√,√,√,√,√,√,,,√,√,√,√,√,√,√,√,√,√,,,√,√,√,√,√,√,√,√,√,√,√,√,√,√
Opportunity,OrderNumber__c,√,√,√,√,√,√,√,√,√,√,√,√,,,√,√,√,√,√,√,√,√,√,√,√,√,√,√,√,√,√,√,√,√,√,√,,,√,√,√,√,√,√,√,√,√,√,,,√,√,√,√,√,√,√,√,√,√,√,√,√,√
Opportunity,PartnerAccountId,,,,,,,,,,,,,,,,,,,,,,,,,,,,,,,,,,,,,,,,,,,,,,,,,,,,,,,,,,,,,,,,
Opportunity,Roll_Up_Field__c,√,,,,,,,,√,,,,√,,√,,√,,,,,,,,,,,,,,,,,,,,,,,,√,,,,,,,,,,√,,,,√,,√,,,,,,,
Opportunity,Student__c,√,√,,,,,,,√,√,,,√,√,√,√,√,√,,,,,,,,,,,,,,,,,,,,,,,√,√,,,,,,,,,√,√,,,√,√,√,√,,,,,,
Opportunity,TotalOpportunityQuantity,√,√,√,√,√,√,√,√,√,√,√,√,√,√,√,√,√,√,√,√,√,√,√,√,√,√,√,√,√,√,√,√,√,√,√,√,,,√,√,√,√,√,√,√,√,√,√,,,√,√,√,√,√,√,√,√,√,√,√,√,√,√
Opportunity,Total_Quantity__c,√,,,,,,,,√,,,,√,,√,,√,,,,,,,,,,,,,,,,,,,,,,,,√,,,,,,,,,,√,,,,√,,√,,,,,,,
Opportunity,TrackingNumber__c,√,√,√,√,√,√,√,√,√,√,√,√,,,√,√,√,√,√,√,√,√,√,√,√,√,√,√,√,√,√,√,√,√,√,√,,,√,√,√,√,√,√,√,√,√,√,,,√,√,√,√,√,√,√,√,√,√,√,√,√,√
Opportunity,Type,√,√,√,√,√,√,√,√,√,√,√,√,√,√,√,√,√,√,√,√,√,√,√,√,√,√,√,√,√,√,√,√,√,√,√,√,,,√,√,√,√,√,√,√,√,√,√,,,√,√,√,√,√,√,√,√,√,√,√,√,√,√
OpportunityLineItem,Description,√,√,√,√,√,√,√,√,√,√,√,√,√,√,√,√,√,√,√,√,√,√,√,√,√,√,√,√,√,√,√,√,√,√,√,√,,,√,√,√,√,√,√,√,√,√,√,,,√,√,√,√,√,√,√,√,√,√,√,√,√,√
OpportunityLineItem,Discount,,,,,,,,,,,,,,,,,,,,,,,,,,,,,,,,,,,,,,,,,,,,,,,,,,,,,,,,,,,,,,,,
OpportunityLineItem,ListPrice,√,,√,,√,,√,,√,,√,,√,,√,,√,,√,,√,,√,,√,,√,,√,,√,,√,,√,,,,√,,√,,√,,√,,√,,,,√,,√,,√,,√,,√,,√,,√,
OpportunityLineItem,ProductCode,√,,√,,√,,√,,√,,√,,√,,√,,√,,√,,√,,√,,√,,√,,√,,√,,√,,√,,,,√,,√,,√,,√,,√,,,,√,,√,,√,,√,,√,,√,,√,
OpportunityLineItem,ServiceDate,√,√,√,√,√,√,√,√,√,√,√,√,√,√,√,√,√,√,√,√,√,√,√,√,√,√,√,√,√,√,√,√,√,√,√,√,,,√,√,√,√,√,√,√,√,√,√,,,√,√,√,√,√,√,√,√,√,√,√,√,√,√
OpportunityLineItem,Subtotal,,,,,,,,,,,,,,,,,,,,,,,,,,,,,,,,,,,,,,,,,,,,,,,,,,,,,,,,,,,,,,,,
OpportunityLineItem,TotalPrice,√,√,√,√,√,√,√,√,√,√,√,√,√,√,√,√,√,√,√,√,√,√,√,√,√,√,√,√,√,√,√,√,√,√,√,√,,,√,√,√,√,√,√,√,√,√,√,,,√,√,√,√,√,√,√,√,√,√,√,√,√,√
Product2,Description,√,√,√,√,√,√,√,√,√,√,√,√,√,√,√,√,√,√,√,√,√,√,√,√,√,√,√,√,√,√,√,√,√,√,√,√,,,√,√,√,√,√,√,√,√,√,√,,,√,√,√,√,√,√,√,√,√,√,√,√,√,√
Product2,Family,√,√,√,√,√,√,√,√,√,√,√,√,√,√,√,√,√,√,√,√,√,√,√,√,√,√,√,√,√,√,√,√,√,√,√,√,,,√,√,√,√,√,√,√,√,√,√,,,√,√,√,√,√,√,√,√,√,√,√,√,√,√
Product2,ProductCode,√,√,√,√,√,√,√,√,√,√,√,√,√,√,√,√,√,√,√,√,√,√,√,√,√,√,√,√,√,√,√,√,√,√,√,√,,,√,√,√,√,√,√,√,√,√,√,,,√,√,√,√,√,√,√,√,√,√,√,√,√,√
Quote,AccountId,√,√,√,√,√,√,√,√,√,√,√,√,√,√,√,√,√,√,√,√,√,√,√,√,√,√,√,√,√,√,√,√,√,√,√,√,√,√,√,√,√,√,√,√,√,√,√,√,√,√,√,√,√,√,√,√,√,√,√,√,√,√,√,√
Quote,AdditionalAddress,√,√,√,√,√,√,√,√,√,√,√,√,√,√,√,√,√,√,√,√,√,√,√,√,√,√,√,√,√,√,√,√,√,√,√,√,√,√,√,√,√,√,√,√,√,√,√,√,√,√,√,√,√,√,√,√,√,√,√,√,√,√,√,√
Quote,AdditionalName,√,√,√,√,√,√,√,√,√,√,√,√,√,√,√,√,√,√,√,√,√,√,√,√,√,√,√,√,√,√,√,√,√,√,√,√,√,√,√,√,√,√,√,√,√,√,√,√,√,√,√,√,√,√,√,√,√,√,√,√,√,√,√,√
Quote,BillingAddress,√,√,√,√,√,√,√,√,√,√,√,√,√,√,√,√,√,√,√,√,√,√,√,√,√,√,√,√,√,√,√,√,√,√,√,√,√,√,√,√,√,√,√,√,√,√,√,√,√,√,√,√,√,√,√,√,√,√,√,√,√,√,√,√
Quote,BillingName,√,√,√,√,√,√,√,√,√,√,√,√,√,√,√,√,√,√,√,√,√,√,√,√,√,√,√,√,√,√,√,√,√,√,√,√,√,√,√,√,√,√,√,√,√,√,√,√,√,√,√,√,√,√,√,√,√,√,√,√,√,√,√,√
Quote,ContactId,√,√,√,√,√,√,√,√,√,√,√,√,√,√,√,√,√,√,√,√,√,√,√,√,√,√,√,√,√,√,√,√,√,√,√,√,√,√,√,√,√,√,√,√,√,√,√,√,√,√,√,√,√,√,√,√,√,√,√,√,√,√,√,√
Quote,ContractId,,,,,,,,,,,,,,,,,,,,,,,,,,,,,,,,,,,,,,,,,,,,,,,,,,,,,,,,,,,,,,,,
Quote,Description,√,√,√,√,√,√,√,√,√,√,√,√,√,√,√,√,√,√,√,√,√,√,√,√,√,√,√,√,√,√,√,√,√,√,√,√,√,√,√,√,√,√,√,√,√,√,√,√,√,√,√,√,√,√,√,√,√,√,√,√,√,√,√,√
Quote,Discount,√,√,√,√,√,√,√,√,√,√,√,√,√,√,√,√,√,√,√,√,√,√,√,√,√,√,√,√,√,√,√,√,√,√,√,√,√,√,√,√,√,√,√,√,√,√,√,√,√,√,√,√,√,√,√,√,√,√,√,√,√,√,√,√
Quote,Email,√,√,√,√,√,√,√,√,√,√,√,√,√,√,√,√,√,√,√,√,√,√,√,√,√,√,√,√,√,√,√,√,√,√,√,√,√,√,√,√,√,√,√,√,√,√,√,√,√,√,√,√,√,√,√,√,√,√,√,√,√,√,√,√
Quote,ExpirationDate,√,√,√,√,√,√,√,√,√,√,√,√,√,√,√,√,√,√,√,√,√,√,√,√,√,√,√,√,√,√,√,√,√,√,√,√,√,√,√,√,√,√,√,√,√,√,√,√,√,√,√,√,√,√,√,√,√,√,√,√,√,√,√,√
Quote,Fax,√,√,√,√,√,√,√,√,√,√,√,√,√,√,√,√,√,√,√,√,√,√,√,√,√,√,√,√,√,√,√,√,√,√,√,√,√,√,√,√,√,√,√,√,√,√,√,√,√,√,√,√,√,√,√,√,√,√,√,√,√,√,√,√
Quote,GrandTotal,√,√,√,√,√,√,√,√,√,√,√,√,√,√,√,√,√,√,√,√,√,√,√,√,√,√,√,√,√,√,√,√,√,√,√,√,√,√,√,√,√,√,√,√,√,√,√,√,√,√,√,√,√,√,√,√,√,√,√,√,√,√,√,√
Quote,Phone,√,√,√,√,√,√,√,√,√,√,√,√,√,√,√,√,√,√,√,√,√,√,√,√,√,√,√,√,√,√,√,√,√,√,√,√,√,√,√,√,√,√,√,√,√,√,√,√,√,√,√,√,√,√,√,√,√,√,√,√,√,√,√,√
Quote,QuoteToAddress,√,√,√,√,√,√,√,√,√,√,√,√,√,√,√,√,√,√,√,√,√,√,√,√,√,√,√,√,√,√,√,√,√,√,√,√,√,√,√,√,√,√,√,√,√,√,√,√,√,√,√,√,√,√,√,√,√,√,√,√,√,√,√,√
Quote,QuoteToName,√,√,√,√,√,√,√,√,√,√,√,√,√,√,√,√,√,√,√,√,√,√,√,√,√,√,√,√,√,√,√,√,√,√,√,√,√,√,√,√,√,√,√,√,√,√,√,√,√,√,√,√,√,√,√,√,√,√,√,√,√,√,√,√
Quote,ShippingAddress,√,√,√,√,√,√,√,√,√,√,√,√,√,√,√,√,√,√,√,√,√,√,√,√,√,√,√,√,√,√,√,√,√,√,√,√,√,√,√,√,√,√,√,√,√,√,√,√,√,√,√,√,√,√,√,√,√,√,√,√,√,√,√,√
Quote,ShippingHandling,√,√,√,√,√,√,√,√,√,√,√,√,√,√,√,√,√,√,√,√,√,√,√,√,√,√,√,√,√,√,√,√,√,√,√,√,√,√,√,√,√,√,√,√,√,√,√,√,√,√,√,√,√,√,√,√,√,√,√,√,√,√,√,√
Quote,ShippingName,√,√,√,√,√,√,√,√,√,√,√,√,√,√,√,√,√,√,√,√,√,√,√,√,√,√,√,√,√,√,√,√,√,√,√,√,√,√,√,√,√,√,√,√,√,√,√,√,√,√,√,√,√,√,√,√,√,√,√,√,√,√,√,√
Quote,Status,√,√,√,√,√,√,√,√,√,√,√,√,√,√,√,√,√,√,√,√,√,√,√,√,√,√,√,√,√,√,√,√,√,√,√,√,√,√,√,√,√,√,√,√,√,√,√,√,√,√,√,√,√,√,√,√,√,√,√,√,√,√,√,√
Quote,Subtotal,√,√,√,√,√,√,√,√,√,√,√,√,√,√,√,√,√,√,√,√,√,√,√,√,√,√,√,√,√,√,√,√,√,√,√,√,√,√,√,√,√,√,√,√,√,√,√,√,√,√,√,√,√,√,√,√,√,√,√,√,√,√,√,√
Quote,Tax,√,√,√,√,√,√,√,√,√,√,√,√,√,√,√,√,√,√,√,√,√,√,√,√,√,√,√,√,√,√,√,√,√,√,√,√,√,√,√,√,√,√,√,√,√,√,√,√,√,√,√,√,√,√,√,√,√,√,√,√,√,√,√,√
Quote,TotalPrice,√,√,√,√,√,√,√,√,√,√,√,√,√,√,√,√,√,√,√,√,√,√,√,√,√,√,√,√,√,√,√,√,√,√,√,√,√,√,√,√,√,√,√,√,√,√,√,√,√,√,√,√,√,√,√,√,√,√,√,√,√,√,√,√
QuoteLineItem,Description,√,√,√,√,√,√,√,√,√,√,√,√,√,√,√,√,√,√,√,√,√,√,√,√,√,√,√,√,√,√,√,√,√,√,√,√,√,√,√,√,√,√,√,√,√,√,√,√,√,√,√,√,√,√,√,√,√,√,√,√,√,√,√,√
QuoteLineItem,Discount,√,√,√,√,√,√,√,√,√,√,√,√,√,√,√,√,√,√,√,√,√,√,√,√,√,√,√,√,√,√,√,√,√,√,√,√,√,√,√,√,√,√,√,√,√,√,√,√,√,√,√,√,√,√,√,√,√,√,√,√,√,√,√,√
QuoteLineItem,ListPrice,√,√,√,√,√,√,√,√,√,√,√,√,√,√,√,√,√,√,√,√,√,√,√,√,√,√,√,√,√,√,√,√,√,√,√,√,√,√,√,√,√,√,√,√,√,√,√,√,√,√,√,√,√,√,√,√,√,√,√,√,√,√,√,√
QuoteLineItem,ProductCode,√,√,√,√,√,√,√,√,√,√,√,√,√,√,√,√,√,√,√,√,√,√,√,√,√,√,√,√,√,√,√,√,√,√,√,√,√,√,√,√,√,√,√,√,√,√,√,√,√,√,√,√,√,√,√,√,√,√,√,√,√,√,√,√
QuoteLineItem,ServiceDate,√,√,√,√,√,√,√,√,√,√,√,√,√,√,√,√,√,√,√,√,√,√,√,√,√,√,√,√,√,√,√,√,√,√,√,√,√,√,√,√,√,√,√,√,√,√,√,√,√,√,√,√,√,√,√,√,√,√,√,√,√,√,√,√
QuoteLineItem,Subtotal,√,√,√,√,√,√,√,√,√,√,√,√,√,√,√,√,√,√,√,√,√,√,√,√,√,√,√,√,√,√,√,√,√,√,√,√,√,√,√,√,√,√,√,√,√,√,√,√,√,√,√,√,√,√,√,√,√,√,√,√,√,√,√,√
QuoteLineItem,TotalPrice,√,√,√,√,√,√,√,√,√,√,√,√,√,√,√,√,√,√,√,√,√,√,√,√,√,√,√,√,√,√,√,√,√,√,√,√,√,√,√,√,√,√,√,√,√,√,√,√,√,√,√,√,√,√,√,√,√,√,√,√,√,√,√,√
Solution,IsPublished,√,√,√,√,√,√,√,√,√,√,√,√,√,√,√,√,√,√,√,√,√,√,√,√,√,√,√,√,√,√,√,√,√,√,√,√,,,√,√,√,√,√,√,√,√,√,√,,,√,√,√,√,√,√,√,√,√,√,√,√,√,√
Solution,IsPublishedInPublicKb,√,√,√,√,√,√,√,√,√,√,√,√,√,√,√,√,√,√,√,√,√,√,√,√,√,√,√,√,√,√,√,√,√,√,√,√,,,√,√,√,√,√,√,√,√,√,√,,,√,√,√,√,√,√,√,√,√,√,√,√,√,√
Solution,SolutionNote,√,√,√,√,√,√,√,√,√,√,√,√,√,√,√,√,√,√,√,√,√,√,√,√,√,√,√,√,√,√,√,√,√,√,√,√,√,,√,√,√,√,√,√,√,√,√,√,√,,√,√,√,√,√,√,√,√,√,√,√,√,√,√
Task,ActivityDate,√,√,√,√,√,√,√,√,√,√,√,√,√,√,√,√,√,√,√,√,√,√,√,√,√,√,√,√,√,√,√,√,√,√,√,√,,,√,√,√,√,√,√,√,√,√,√,,,√,√,√,√,√,√,√,√,√,√,√,√,√,√
Task,Description,√,√,√,√,√,√,√,√,√,√,√,√,√,√,√,√,√,√,√,√,√,√,√,√,√,√,√,√,√,√,√,√,√,√,√,√,,,√,√,√,√,√,√,√,√,√,√,,,√,√,√,√,√,√,√,√,√,√,√,√,√,√
Task,IsVisibleInSelfService,,,,,,,,,,,,,,,,,,,,,,,,,,,,,,,,,,,,,,,,,,,,,,,,,,,,,,,,,,,,,,,,
Task,Type,,,,,,,,,,,,,,,,,,,,,,,,,,,,,,,,,,,,,,,,,,,,,,,,,,,,,,,,,,,,,,,,
Task,WhatId,√,√,√,√,√,√,√,√,√,√,√,√,√,√,√,√,√,√,√,√,√,√,√,√,√,√,√,√,√,√,√,√,√,√,√,√,,,√,√,√,√,√,√,√,√,√,√,,,√,√,√,√,√,√,√,√,√,√,√,√,√,√
Task,WhoId,√,√,√,√,√,√,√,√,√,√,√,√,√,√,√,√,√,√,√,√,√,√,√,√,√,√,√,√,√,√,√,√,√,√,√,√,,,√,√,√,√,√,√,√,√,√,√,,,√,√,√,√,√,√,√,√,√,√,√,√,√,√